REPORT_DATE,Country,TotalPositiveCases,TotalDeaths
12/31/2019,Brazil,0,0
1/1/2020,Brazil,0,0
1/2/2020,Brazil,0,0
1/3/2020,Brazil,0,0
1/4/2020,Brazil,0,0
1/5/2020,Brazil,0,0
1/6/2020,Brazil,0,0
1/7/2020,Brazil,0,0
1/8/2020,Brazil,0,0
1/9/2020,Brazil,0,0
1/10/2020,Brazil,0,0
1/11/2020,Brazil,0,0
1/12/2020,Brazil,0,0
1/13/2020,Brazil,0,0
1/14/2020,Brazil,0,0
1/15/2020,Brazil,0,0
1/16/2020,Brazil,0,0
1/17/2020,Brazil,0,0
1/18/2020,Brazil,0,0
1/19/2020,Brazil,0,0
1/20/2020,Brazil,0,0
1/21/2020,Brazil,0,0
1/22/2020,Brazil,0,0
1/23/2020,Brazil,0,0
1/24/2020,Brazil,0,0
1/25/2020,Brazil,0,0
1/26/2020,Brazil,0,0
1/27/2020,Brazil,0,0
1/28/2020,Brazil,0,0
1/29/2020,Brazil,0,0
1/30/2020,Brazil,0,0
1/31/2020,Brazil,0,0
2/1/2020,Brazil,0,0
2/2/2020,Brazil,0,0
2/3/2020,Brazil,0,0
2/4/2020,Brazil,0,0
2/5/2020,Brazil,0,0
2/6/2020,Brazil,0,0
2/7/2020,Brazil,0,0
2/8/2020,Brazil,0,0
2/9/2020,Brazil,0,0
2/10/2020,Brazil,0,0
2/11/2020,Brazil,0,0
2/12/2020,Brazil,0,0
2/13/2020,Brazil,0,0
2/14/2020,Brazil,0,0
2/15/2020,Brazil,0,0
2/16/2020,Brazil,0,0
2/17/2020,Brazil,0,0
2/18/2020,Brazil,0,0
2/19/2020,Brazil,0,0
2/20/2020,Brazil,0,0
2/21/2020,Brazil,0,0
2/22/2020,Brazil,0,0
2/23/2020,Brazil,0,0
2/24/2020,Brazil,0,0
2/25/2020,Brazil,0,0
2/26/2020,Brazil,1,0
2/27/2020,Brazil,0,0
2/28/2020,Brazil,0,0
2/29/2020,Brazil,0,0
3/1/2020,Brazil,1,0
3/2/2020,Brazil,0,0
3/3/2020,Brazil,0,0
3/4/2020,Brazil,0,0
3/5/2020,Brazil,1,0
3/6/2020,Brazil,5,0
3/7/2020,Brazil,5,0
3/8/2020,Brazil,0,0
3/9/2020,Brazil,12,0
3/10/2020,Brazil,0,0
3/11/2020,Brazil,9,0
3/12/2020,Brazil,18,0
3/13/2020,Brazil,25,0
3/14/2020,Brazil,21,0
3/15/2020,Brazil,23,0
3/16/2020,Brazil,79,0
3/17/2020,Brazil,34,0
3/18/2020,Brazil,57,1
3/19/2020,Brazil,137,3
3/20/2020,Brazil,193,2
3/21/2020,Brazil,283,5
3/22/2020,Brazil,224,7
3/23/2020,Brazil,418,7
3/24/2020,Brazil,345,9
3/25/2020,Brazil,310,12
3/26/2020,Brazil,232,11
3/27/2020,Brazil,482,20
3/28/2020,Brazil,502,15
3/29/2020,Brazil,487,22
3/30/2020,Brazil,352,22
3/31/2020,Brazil,323,23
4/1/2020,Brazil,1138,42
4/2/2020,Brazil,1119,40
4/3/2020,Brazil,1074,58
4/4/2020,Brazil,1146,60
4/5/2020,Brazil,1222,73
4/6/2020,Brazil,852,54
4/7/2020,Brazil,926,67
4/8/2020,Brazil,1661,114
4/9/2020,Brazil,2210,133
4/10/2020,Brazil,1930,141
4/11/2020,Brazil,1781,115
4/12/2020,Brazil,1089,68
4/13/2020,Brazil,1442,99
4/14/2020,Brazil,1261,105
4/15/2020,Brazil,1832,204
4/16/2020,Brazil,3058,204
4/17/2020,Brazil,2105,188
4/18/2020,Brazil,3257,217
4/19/2020,Brazil,2917,206
4/20/2020,Brazil,2055,115
4/21/2020,Brazil,1927,113
4/22/2020,Brazil,2498,166
4/23/2020,Brazil,2678,165
4/24/2020,Brazil,3735,407
4/25/2020,Brazil,3503,357
4/26/2020,Brazil,5514,346
4/27/2020,Brazil,3379,189
4/28/2020,Brazil,4613,338
4/29/2020,Brazil,5385,474
4/30/2020,Brazil,6276,449
5/1/2020,Brazil,7218,435
5/2/2020,Brazil,6209,428
5/3/2020,Brazil,4970,421
5/4/2020,Brazil,4588,275
5/5/2020,Brazil,6633,296
5/6/2020,Brazil,6935,600
5/7/2020,Brazil,10503,615
5/8/2020,Brazil,9888,610
5/9/2020,Brazil,10222,751
5/10/2020,Brazil,10611,730
5/11/2020,Brazil,6760,496
5/12/2020,Brazil,5632,396
5/13/2020,Brazil,9258,881
5/14/2020,Brazil,11385,749
5/15/2020,Brazil,13944,844
5/16/2020,Brazil,15305,824
5/17/2020,Brazil,14919,816
5/18/2020,Brazil,7938,485
5/19/2020,Brazil,13140,674
5/20/2020,Brazil,17408,1179
5/21/2020,Brazil,19951,888
5/22/2020,Brazil,18508,1188
5/23/2020,Brazil,20803,1001
5/24/2020,Brazil,16508,965
5/25/2020,Brazil,15813,653
5/26/2020,Brazil,11687,807
5/27/2020,Brazil,16324,1039
5/28/2020,Brazil,20599,1086
5/29/2020,Brazil,26417,1156
5/30/2020,Brazil,26928,1124
5/31/2020,Brazil,33274,956
6/1/2020,Brazil,16409,480
6/2/2020,Brazil,11598,623
6/3/2020,Brazil,28936,1262
6/4/2020,Brazil,28633,1349
6/5/2020,Brazil,30916,1473
6/6/2020,Brazil,30830,1005
6/7/2020,Brazil,27075,904
6/8/2020,Brazil,18921,525
6/9/2020,Brazil,15654,679
6/10/2020,Brazil,32091,1272
6/11/2020,Brazil,32913,1274
6/12/2020,Brazil,30412,1239
6/13/2020,Brazil,25982,909
6/14/2020,Brazil,21704,892
6/15/2020,Brazil,17110,612
6/16/2020,Brazil,20647,627
6/17/2020,Brazil,34918,1282
6/18/2020,Brazil,32188,1269
6/19/2020,Brazil,22765,1238
6/20/2020,Brazil,54771,1206
6/21/2020,Brazil,34666,1022
6/22/2020,Brazil,17459,641
6/23/2020,Brazil,21432,654
6/24/2020,Brazil,39436,1374
6/25/2020,Brazil,42725,1185
6/26/2020,Brazil,39483,1141
6/27/2020,Brazil,46860,990
6/28/2020,Brazil,38693,1109
6/29/2020,Brazil,30476,552
6/30/2020,Brazil,24052,692
7/1/2020,Brazil,33846,1280
7/2/2020,Brazil,46712,1038
7/3/2020,Brazil,48105,1252
7/4/2020,Brazil,42223,1290
7/5/2020,Brazil,37923,1091
7/6/2020,Brazil,26051,602
7/7/2020,Brazil,20229,620
7/8/2020,Brazil,45305,1254
7/9/2020,Brazil,44571,1223
7/10/2020,Brazil,42619,1220
7/11/2020,Brazil,45048,1214
7/12/2020,Brazil,39023,1071
7/13/2020,Brazil,24831,631
7/14/2020,Brazil,20286,733
7/15/2020,Brazil,41857,1300
7/16/2020,Brazil,39924,1233
7/17/2020,Brazil,45403,1322
7/18/2020,Brazil,34177,1163
7/19/2020,Brazil,28532,921
7/20/2020,Brazil,23529,716
7/21/2020,Brazil,20257,632
12/31/2019,Chile,0,0
1/1/2020,Chile,0,0
1/2/2020,Chile,0,0
1/3/2020,Chile,0,0
1/4/2020,Chile,0,0
1/5/2020,Chile,0,0
1/6/2020,Chile,0,0
1/7/2020,Chile,0,0
1/8/2020,Chile,0,0
1/9/2020,Chile,0,0
1/10/2020,Chile,0,0
1/11/2020,Chile,0,0
1/12/2020,Chile,0,0
1/13/2020,Chile,0,0
1/14/2020,Chile,0,0
1/15/2020,Chile,0,0
1/16/2020,Chile,0,0
1/17/2020,Chile,0,0
1/18/2020,Chile,0,0
1/19/2020,Chile,0,0
1/20/2020,Chile,0,0
1/21/2020,Chile,0,0
1/22/2020,Chile,0,0
1/23/2020,Chile,0,0
1/24/2020,Chile,0,0
1/25/2020,Chile,0,0
1/26/2020,Chile,0,0
1/27/2020,Chile,0,0
1/28/2020,Chile,0,0
1/29/2020,Chile,0,0
1/30/2020,Chile,0,0
1/31/2020,Chile,0,0
2/1/2020,Chile,0,0
2/2/2020,Chile,0,0
2/3/2020,Chile,0,0
2/4/2020,Chile,0,0
2/5/2020,Chile,0,0
2/6/2020,Chile,0,0
2/7/2020,Chile,0,0
2/8/2020,Chile,0,0
2/9/2020,Chile,0,0
2/10/2020,Chile,0,0
2/11/2020,Chile,0,0
2/12/2020,Chile,0,0
2/13/2020,Chile,0,0
2/14/2020,Chile,0,0
2/15/2020,Chile,0,0
2/16/2020,Chile,0,0
2/17/2020,Chile,0,0
2/18/2020,Chile,0,0
2/19/2020,Chile,0,0
2/20/2020,Chile,0,0
2/21/2020,Chile,0,0
2/22/2020,Chile,0,0
2/23/2020,Chile,0,0
2/24/2020,Chile,0,0
2/25/2020,Chile,0,0
2/26/2020,Chile,0,0
2/27/2020,Chile,0,0
2/28/2020,Chile,0,0
2/29/2020,Chile,0,0
3/1/2020,Chile,0,0
3/2/2020,Chile,0,0
3/3/2020,Chile,0,0
3/4/2020,Chile,1,0
3/5/2020,Chile,2,0
3/6/2020,Chile,1,0
3/7/2020,Chile,1,0
3/8/2020,Chile,0,0
3/9/2020,Chile,5,0
3/10/2020,Chile,3,0
3/11/2020,Chile,4,0
3/12/2020,Chile,6,0
3/13/2020,Chile,10,0
3/14/2020,Chile,10,0
3/15/2020,Chile,18,0
3/16/2020,Chile,14,0
3/17/2020,Chile,81,0
3/18/2020,Chile,45,0
3/19/2020,Chile,37,0
3/20/2020,Chile,104,0
3/21/2020,Chile,92,0
3/22/2020,Chile,103,0
3/23/2020,Chile,95,1
3/24/2020,Chile,114,1
3/25/2020,Chile,176,0
3/26/2020,Chile,220,1
3/27/2020,Chile,164,1
3/28/2020,Chile,304,1
3/29/2020,Chile,299,1
3/30/2020,Chile,230,1
3/31/2020,Chile,310,1
4/1/2020,Chile,289,4
4/2/2020,Chile,293,4
4/3/2020,Chile,373,2
4/4/2020,Chile,333,4
4/5/2020,Chile,424,5
4/6/2020,Chile,310,7
4/7/2020,Chile,344,3
4/8/2020,Chile,301,6
4/9/2020,Chile,430,5
4/10/2020,Chile,426,9
4/11/2020,Chile,529,8
4/12/2020,Chile,426,8
4/13/2020,Chile,286,7
4/14/2020,Chile,312,2
4/15/2020,Chile,392,10
4/16/2020,Chile,356,2
4/17/2020,Chile,534,11
4/18/2020,Chile,445,11
4/19/2020,Chile,478,10
4/20/2020,Chile,358,7
4/21/2020,Chile,419,6
4/22/2020,Chile,325,8
4/23/2020,Chile,464,13
4/24/2020,Chile,516,8
4/25/2020,Chile,494,6
4/26/2020,Chile,552,7
4/27/2020,Chile,473,8
4/28/2020,Chile,482,9
4/29/2020,Chile,552,9
4/30/2020,Chile,520,9
5/1/2020,Chile,1138,11
5/2/2020,Chile,985,7
5/3/2020,Chile,1427,13
5/4/2020,Chile,1228,13
5/5/2020,Chile,980,10
5/6/2020,Chile,1373,5
5/7/2020,Chile,1032,6
5/8/2020,Chile,1533,4
5/9/2020,Chile,1391,9
5/10/2020,Chile,1247,10
5/11/2020,Chile,1647,8
5/12/2020,Chile,1197,11
5/13/2020,Chile,1658,12
5/14/2020,Chile,2660,11
5/15/2020,Chile,2659,12
5/16/2020,Chile,2502,36
5/17/2020,Chile,1886,27
5/18/2020,Chile,2353,29
5/19/2020,Chile,2278,28
5/20/2020,Chile,3520,31
5/21/2020,Chile,4038,35
5/22/2020,Chile,3964,45
5/23/2020,Chile,4276,41
5/24/2020,Chile,3536,43
5/25/2020,Chile,3709,45
5/26/2020,Chile,4895,43
5/27/2020,Chile,3964,45
5/28/2020,Chile,4328,35
5/29/2020,Chile,4654,49
5/30/2020,Chile,3695,54
5/31/2020,Chile,4220,53
6/1/2020,Chile,4830,57
6/2/2020,Chile,5471,59
6/3/2020,Chile,3527,75
6/4/2020,Chile,4942,87
6/5/2020,Chile,4664,81
6/6/2020,Chile,4207,92
6/7/2020,Chile,5246,93
6/8/2020,Chile,6405,649
6/9/2020,Chile,4696,74
6/10/2020,Chile,3913,19
6/11/2020,Chile,5737,192
6/12/2020,Chile,5596,173
6/13/2020,Chile,6754,222
6/14/2020,Chile,6509,231
6/15/2020,Chile,6938,222
6/16/2020,Chile,5143,39
6/17/2020,Chile,5013,21
6/18/2020,Chile,36179,232
6/19/2020,Chile,4475,226
6/20/2020,Chile,6290,252
6/21/2020,Chile,5355,202
6/22/2020,Chile,5607,184
6/23/2020,Chile,4608,23
6/24/2020,Chile,3804,3
6/25/2020,Chile,3649,226
6/26/2020,Chile,4648,172
6/27/2020,Chile,4296,165
6/28/2020,Chile,4406,279
6/29/2020,Chile,4216,162
6/30/2020,Chile,4017,66
7/1/2020,Chile,3394,113
7/2/2020,Chile,2650,65
7/3/2020,Chile,2498,167
7/4/2020,Chile,3548,131
7/5/2020,Chile,3758,141
7/6/2020,Chile,3685,116
7/7/2020,Chile,3025,76
7/8/2020,Chile,2462,50
7/9/2020,Chile,2064,139
7/10/2020,Chile,3133,109
7/11/2020,Chile,3058,99
7/12/2020,Chile,2755,100
7/13/2020,Chile,3012,98
7/14/2020,Chile,2616,45
7/15/2020,Chile,1836,45
7/16/2020,Chile,1712,117
7/17/2020,Chile,2493,104
7/18/2020,Chile,2841,1057
7/19/2020,Chile,0,0
7/20/2020,Chile,4391,156
7/21/2020,Chile,2099,130
12/31/2019,India,0,0
1/1/2020,India,0,0
1/2/2020,India,0,0
1/3/2020,India,0,0
1/4/2020,India,0,0
1/5/2020,India,0,0
1/6/2020,India,0,0
1/7/2020,India,0,0
1/8/2020,India,0,0
1/9/2020,India,0,0
1/10/2020,India,0,0
1/11/2020,India,0,0
1/12/2020,India,0,0
1/13/2020,India,0,0
1/14/2020,India,0,0
1/15/2020,India,0,0
1/16/2020,India,0,0
1/17/2020,India,0,0
1/18/2020,India,0,0
1/19/2020,India,0,0
1/20/2020,India,0,0
1/21/2020,India,0,0
1/22/2020,India,0,0
1/23/2020,India,0,0
1/24/2020,India,0,0
1/25/2020,India,0,0
1/26/2020,India,0,0
1/27/2020,India,0,0
1/28/2020,India,0,0
1/29/2020,India,0,0
1/30/2020,India,1,0
1/31/2020,India,0,0
2/1/2020,India,0,0
2/2/2020,India,1,0
2/3/2020,India,0,0
2/4/2020,India,1,0
2/5/2020,India,0,0
2/6/2020,India,0,0
2/7/2020,India,0,0
2/8/2020,India,0,0
2/9/2020,India,0,0
2/10/2020,India,0,0
2/11/2020,India,0,0
2/12/2020,India,0,0
2/13/2020,India,0,0
2/14/2020,India,0,0
2/15/2020,India,0,0
2/16/2020,India,0,0
2/17/2020,India,0,0
2/18/2020,India,0,0
2/19/2020,India,0,0
2/20/2020,India,0,0
2/21/2020,India,0,0
2/22/2020,India,0,0
2/23/2020,India,0,0
2/24/2020,India,0,0
2/25/2020,India,0,0
2/26/2020,India,0,0
2/27/2020,India,0,0
2/28/2020,India,0,0
2/29/2020,India,0,0
3/1/2020,India,0,0
3/2/2020,India,0,0
3/3/2020,India,2,0
3/4/2020,India,1,0
3/5/2020,India,22,0
3/6/2020,India,1,0
3/7/2020,India,2,0
3/8/2020,India,3,0
3/9/2020,India,0,0
3/10/2020,India,10,0
3/11/2020,India,6,0
3/12/2020,India,23,0
3/13/2020,India,2,1
3/14/2020,India,8,1
3/15/2020,India,7,0
3/16/2020,India,3,0
3/17/2020,India,32,1
3/18/2020,India,12,0
3/19/2020,India,28,0
3/20/2020,India,26,1
3/21/2020,India,40,0
3/22/2020,India,89,0
3/23/2020,India,119,3
3/24/2020,India,53,2
3/25/2020,India,70,0
3/26/2020,India,87,4
3/27/2020,India,75,4
3/28/2020,India,149,2
3/29/2020,India,106,6
3/30/2020,India,92,4
3/31/2020,India,180,3
4/1/2020,India,146,3
4/2/2020,India,568,15
4/3/2020,India,336,6
4/4/2020,India,601,12
4/5/2020,India,472,9
4/6/2020,India,693,32
4/7/2020,India,354,5
4/8/2020,India,773,35
4/9/2020,India,540,17
4/10/2020,India,678,33
4/11/2020,India,1035,40
4/12/2020,India,909,34
4/13/2020,India,796,35
4/14/2020,India,1211,31
4/15/2020,India,1075,38
4/16/2020,India,942,37
4/17/2020,India,1007,23
4/18/2020,India,991,43
4/19/2020,India,1334,27
4/20/2020,India,1553,36
4/21/2020,India,1335,47
4/22/2020,India,1384,50
4/23/2020,India,1409,41
4/24/2020,India,1684,37
4/25/2020,India,1429,57
4/26/2020,India,1990,49
4/27/2020,India,1396,48
4/28/2020,India,1543,62
4/29/2020,India,1897,73
4/30/2020,India,1718,67
5/1/2020,India,1993,73
5/2/2020,India,2293,71
5/3/2020,India,2644,83
5/4/2020,India,2553,72
5/5/2020,India,3900,195
5/6/2020,India,2958,126
5/7/2020,India,3561,89
5/8/2020,India,3390,103
5/9/2020,India,3320,95
5/10/2020,India,3277,128
5/11/2020,India,4213,97
5/12/2020,India,3604,87
5/13/2020,India,3525,122
5/14/2020,India,3722,134
5/15/2020,India,3967,100
5/16/2020,India,3970,103
5/17/2020,India,4987,120
5/18/2020,India,5242,157
5/19/2020,India,4970,134
5/20/2020,India,5611,140
5/21/2020,India,5609,132
5/22/2020,India,6088,148
5/23/2020,India,6654,137
5/24/2020,India,6767,147
5/25/2020,India,6977,154
5/26/2020,India,6535,146
5/27/2020,India,6387,170
5/28/2020,India,6566,194
5/29/2020,India,7466,175
5/30/2020,India,7964,265
5/31/2020,India,8380,193
6/1/2020,India,8392,230
6/2/2020,India,8171,204
6/3/2020,India,8909,217
6/4/2020,India,9304,260
6/5/2020,India,9851,273
6/6/2020,India,9887,294
6/7/2020,India,9971,287
6/8/2020,India,9983,206
6/9/2020,India,9987,331
6/10/2020,India,9985,279
6/11/2020,India,9996,357
6/12/2020,India,10956,396
6/13/2020,India,11458,386
6/14/2020,India,11929,311
6/15/2020,India,11502,325
6/16/2020,India,10667,380
6/17/2020,India,10974,2003
6/18/2020,India,12881,334
6/19/2020,India,13586,336
6/20/2020,India,14516,375
6/21/2020,India,15413,306
6/22/2020,India,14821,445
6/23/2020,India,14933,312
6/24/2020,India,15968,465
6/25/2020,India,16922,418
6/26/2020,India,17296,407
6/27/2020,India,18552,384
6/28/2020,India,19906,410
6/29/2020,India,19459,380
6/30/2020,India,18522,418
7/1/2020,India,18653,507
7/2/2020,India,19148,434
7/3/2020,India,20903,379
7/4/2020,India,22771,442
7/5/2020,India,24850,613
7/6/2020,India,24248,425
7/7/2020,India,22252,467
7/8/2020,India,22752,482
7/9/2020,India,24879,487
7/10/2020,India,26506,475
7/11/2020,India,27114,519
7/12/2020,India,28637,551
7/13/2020,India,28701,500
7/14/2020,India,28498,553
7/15/2020,India,29429,582
7/16/2020,India,32695,606
7/17/2020,India,34956,687
7/18/2020,India,34884,671
7/19/2020,India,38902,543
7/20/2020,India,40425,681
7/21/2020,India,37148,587
12/31/2019,Iran,0,0
1/1/2020,Iran,0,0
1/2/2020,Iran,0,0
1/3/2020,Iran,0,0
1/4/2020,Iran,0,0
1/5/2020,Iran,0,0
1/6/2020,Iran,0,0
1/7/2020,Iran,0,0
1/8/2020,Iran,0,0
1/9/2020,Iran,0,0
1/10/2020,Iran,0,0
1/11/2020,Iran,0,0
1/12/2020,Iran,0,0
1/13/2020,Iran,0,0
1/14/2020,Iran,0,0
1/15/2020,Iran,0,0
1/16/2020,Iran,0,0
1/17/2020,Iran,0,0
1/18/2020,Iran,0,0
1/19/2020,Iran,0,0
1/20/2020,Iran,0,0
1/21/2020,Iran,0,0
1/22/2020,Iran,0,0
1/23/2020,Iran,0,0
1/24/2020,Iran,0,0
1/25/2020,Iran,0,0
1/26/2020,Iran,0,0
1/27/2020,Iran,0,0
1/28/2020,Iran,0,0
1/29/2020,Iran,0,0
1/30/2020,Iran,0,0
1/31/2020,Iran,0,0
2/1/2020,Iran,0,0
2/2/2020,Iran,0,0
2/3/2020,Iran,0,0
2/4/2020,Iran,0,0
2/5/2020,Iran,0,0
2/6/2020,Iran,0,0
2/7/2020,Iran,0,0
2/8/2020,Iran,0,0
2/9/2020,Iran,0,0
2/10/2020,Iran,0,0
2/11/2020,Iran,0,0
2/12/2020,Iran,0,0
2/13/2020,Iran,0,0
2/14/2020,Iran,0,0
2/15/2020,Iran,0,0
2/16/2020,Iran,0,0
2/17/2020,Iran,0,0
2/18/2020,Iran,0,0
2/19/2020,Iran,0,0
2/20/2020,Iran,2,2
2/21/2020,Iran,3,0
2/22/2020,Iran,13,2
2/23/2020,Iran,10,1
2/24/2020,Iran,15,3
2/25/2020,Iran,18,4
2/26/2020,Iran,34,3
2/27/2020,Iran,44,4
2/28/2020,Iran,106,7
2/29/2020,Iran,143,8
3/1/2020,Iran,205,9
3/2/2020,Iran,385,11
3/3/2020,Iran,523,12
3/4/2020,Iran,835,11
3/5/2020,Iran,586,15
3/6/2020,Iran,591,15
3/7/2020,Iran,1234,17
3/8/2020,Iran,1076,21
3/9/2020,Iran,743,49
3/10/2020,Iran,595,43
3/11/2020,Iran,881,54
3/12/2020,Iran,958,63
3/13/2020,Iran,1075,75
3/14/2020,Iran,1289,85
3/15/2020,Iran,1365,97
3/16/2020,Iran,1209,113
3/17/2020,Iran,1053,129
3/18/2020,Iran,1178,135
3/19/2020,Iran,1192,147
3/20/2020,Iran,1046,149
3/21/2020,Iran,1237,149
3/22/2020,Iran,966,123
3/23/2020,Iran,1028,129
3/24/2020,Iran,1411,127
3/25/2020,Iran,1762,122
3/26/2020,Iran,2206,143
3/27/2020,Iran,2389,157
3/28/2020,Iran,2926,144
3/29/2020,Iran,3076,139
3/30/2020,Iran,2901,123
3/31/2020,Iran,3186,117
4/1/2020,Iran,3111,141
4/2/2020,Iran,2987,138
4/3/2020,Iran,2875,124
4/4/2020,Iran,0,0
4/5/2020,Iran,5275,292
4/6/2020,Iran,2483,151
4/7/2020,Iran,2274,136
4/8/2020,Iran,2089,133
4/9/2020,Iran,1997,121
4/10/2020,Iran,1634,117
4/11/2020,Iran,1972,122
4/12/2020,Iran,1837,125
4/13/2020,Iran,1657,117
4/14/2020,Iran,1617,111
4/15/2020,Iran,1574,98
4/16/2020,Iran,1512,94
4/17/2020,Iran,1606,92
4/18/2020,Iran,1499,89
4/19/2020,Iran,1374,73
4/20/2020,Iran,1343,87
4/21/2020,Iran,1294,91
4/22/2020,Iran,1297,88
4/23/2020,Iran,1194,94
4/24/2020,Iran,1030,90
4/25/2020,Iran,1168,93
4/26/2020,Iran,1134,76
4/27/2020,Iran,1153,60
4/28/2020,Iran,991,96
4/29/2020,Iran,1112,71
4/30/2020,Iran,1073,80
5/1/2020,Iran,983,71
5/2/2020,Iran,1006,63
5/3/2020,Iran,802,65
5/4/2020,Iran,976,47
5/5/2020,Iran,1223,74
5/6/2020,Iran,1323,63
5/7/2020,Iran,1680,78
5/8/2020,Iran,1485,68
5/9/2020,Iran,1556,55
5/10/2020,Iran,1529,48
5/11/2020,Iran,1383,51
5/12/2020,Iran,1683,45
5/13/2020,Iran,1481,48
5/14/2020,Iran,1958,50
5/15/2020,Iran,1808,71
5/16/2020,Iran,2102,48
5/17/2020,Iran,1757,35
5/18/2020,Iran,1806,51
5/19/2020,Iran,2294,69
5/20/2020,Iran,2111,62
5/21/2020,Iran,2346,64
5/22/2020,Iran,2392,66
5/23/2020,Iran,2311,51
5/24/2020,Iran,1869,59
5/25/2020,Iran,2180,58
5/26/2020,Iran,2023,34
5/27/2020,Iran,1787,57
5/28/2020,Iran,2080,56
5/29/2020,Iran,2258,63
5/30/2020,Iran,2819,50
5/31/2020,Iran,2282,57
6/1/2020,Iran,2516,63
6/2/2020,Iran,2979,81
6/3/2020,Iran,3117,64
6/4/2020,Iran,3134,70
6/5/2020,Iran,3574,59
6/6/2020,Iran,2886,63
6/7/2020,Iran,2269,75
6/8/2020,Iran,2364,72
6/9/2020,Iran,2043,70
6/10/2020,Iran,2095,74
6/11/2020,Iran,2011,81
6/12/2020,Iran,2238,78
6/13/2020,Iran,2369,75
6/14/2020,Iran,2410,71
6/15/2020,Iran,2472,107
6/16/2020,Iran,2449,113
6/17/2020,Iran,2563,115
6/18/2020,Iran,2612,120
6/19/2020,Iran,2596,87
6/20/2020,Iran,2615,120
6/21/2020,Iran,2322,115
6/22/2020,Iran,2368,116
6/23/2020,Iran,2573,119
6/24/2020,Iran,2445,121
6/25/2020,Iran,2531,133
6/26/2020,Iran,2595,134
6/27/2020,Iran,2628,0
6/28/2020,Iran,2456,234
6/29/2020,Iran,2489,144
6/30/2020,Iran,2536,162
7/1/2020,Iran,2457,147
7/2/2020,Iran,2549,141
7/3/2020,Iran,2652,148
7/4/2020,Iran,2566,154
7/5/2020,Iran,2449,148
7/6/2020,Iran,2560,163
7/7/2020,Iran,2613,160
7/8/2020,Iran,2637,200
7/9/2020,Iran,2691,153
7/10/2020,Iran,2079,221
7/11/2020,Iran,2262,142
7/12/2020,Iran,2397,188
7/13/2020,Iran,2186,194
7/14/2020,Iran,2349,203
7/15/2020,Iran,2521,179
7/16/2020,Iran,2388,199
7/17/2020,Iran,2500,198
7/18/2020,Iran,2379,183
7/19/2020,Iran,2166,188
7/20/2020,Iran,2182,209
7/21/2020,Iran,2414,217
12/31/2019,Mexico,0,0
1/1/2020,Mexico,0,0
1/2/2020,Mexico,0,0
1/3/2020,Mexico,0,0
1/4/2020,Mexico,0,0
1/5/2020,Mexico,0,0
1/6/2020,Mexico,0,0
1/7/2020,Mexico,0,0
1/8/2020,Mexico,0,0
1/9/2020,Mexico,0,0
1/10/2020,Mexico,0,0
1/11/2020,Mexico,0,0
1/12/2020,Mexico,0,0
1/13/2020,Mexico,0,0
1/14/2020,Mexico,0,0
1/15/2020,Mexico,0,0
1/16/2020,Mexico,0,0
1/17/2020,Mexico,0,0
1/18/2020,Mexico,0,0
1/19/2020,Mexico,0,0
1/20/2020,Mexico,0,0
1/21/2020,Mexico,0,0
1/22/2020,Mexico,0,0
1/23/2020,Mexico,0,0
1/24/2020,Mexico,0,0
1/25/2020,Mexico,0,0
1/26/2020,Mexico,0,0
1/27/2020,Mexico,0,0
1/28/2020,Mexico,0,0
1/29/2020,Mexico,0,0
1/30/2020,Mexico,0,0
1/31/2020,Mexico,0,0
2/1/2020,Mexico,0,0
2/2/2020,Mexico,0,0
2/3/2020,Mexico,0,0
2/4/2020,Mexico,0,0
2/5/2020,Mexico,0,0
2/6/2020,Mexico,0,0
2/7/2020,Mexico,0,0
2/8/2020,Mexico,0,0
2/9/2020,Mexico,0,0
2/10/2020,Mexico,0,0
2/11/2020,Mexico,0,0
2/12/2020,Mexico,0,0
2/13/2020,Mexico,0,0
2/14/2020,Mexico,0,0
2/15/2020,Mexico,0,0
2/16/2020,Mexico,0,0
2/17/2020,Mexico,0,0
2/18/2020,Mexico,0,0
2/19/2020,Mexico,0,0
2/20/2020,Mexico,0,0
2/21/2020,Mexico,0,0
2/22/2020,Mexico,0,0
2/23/2020,Mexico,0,0
2/24/2020,Mexico,0,0
2/25/2020,Mexico,0,0
2/26/2020,Mexico,0,0
2/27/2020,Mexico,0,0
2/28/2020,Mexico,0,0
2/29/2020,Mexico,2,0
3/1/2020,Mexico,2,0
3/2/2020,Mexico,1,0
3/3/2020,Mexico,0,0
3/4/2020,Mexico,0,0
3/5/2020,Mexico,0,0
3/6/2020,Mexico,0,0
3/7/2020,Mexico,0,0
3/8/2020,Mexico,0,0
3/9/2020,Mexico,2,0
3/10/2020,Mexico,0,0
3/11/2020,Mexico,0,0
3/12/2020,Mexico,4,0
3/13/2020,Mexico,5,0
3/14/2020,Mexico,10,0
3/15/2020,Mexico,15,0
3/16/2020,Mexico,12,0
3/17/2020,Mexico,29,0
3/18/2020,Mexico,11,0
3/19/2020,Mexico,25,0
3/20/2020,Mexico,46,0
3/21/2020,Mexico,39,2
3/22/2020,Mexico,48,0
3/23/2020,Mexico,65,0
3/24/2020,Mexico,51,2
3/25/2020,Mexico,38,1
3/26/2020,Mexico,70,0
3/27/2020,Mexico,110,3
3/28/2020,Mexico,132,4
3/29/2020,Mexico,131,4
3/30/2020,Mexico,145,4
3/31/2020,Mexico,101,8
4/1/2020,Mexico,121,1
4/2/2020,Mexico,163,8
4/3/2020,Mexico,132,13
4/4/2020,Mexico,178,10
4/5/2020,Mexico,202,19
4/6/2020,Mexico,253,15
4/7/2020,Mexico,296,31
4/8/2020,Mexico,346,16
4/9/2020,Mexico,396,33
4/10/2020,Mexico,260,20
4/11/2020,Mexico,403,39
4/12/2020,Mexico,375,40
4/13/2020,Mexico,442,23
4/14/2020,Mexico,353,36
4/15/2020,Mexico,385,74
4/16/2020,Mexico,448,43
4/17/2020,Mexico,450,37
4/18/2020,Mexico,578,60
4/19/2020,Mexico,622,104
4/20/2020,Mexico,764,36
4/21/2020,Mexico,511,26
4/22/2020,Mexico,729,145
4/23/2020,Mexico,1043,113
4/24/2020,Mexico,1089,99
4/25/2020,Mexico,1239,152
4/26/2020,Mexico,970,84
4/27/2020,Mexico,835,46
4/28/2020,Mexico,852,83
4/29/2020,Mexico,1223,135
4/30/2020,Mexico,1047,163
5/1/2020,Mexico,1425,127
5/2/2020,Mexico,1515,113
5/3/2020,Mexico,1349,89
5/4/2020,Mexico,1383,93
5/5/2020,Mexico,1434,117
5/6/2020,Mexico,1120,236
5/7/2020,Mexico,1609,197
5/8/2020,Mexico,1982,257
5/9/2020,Mexico,1906,199
5/10/2020,Mexico,1938,193
5/11/2020,Mexico,1562,112
5/12/2020,Mexico,1305,108
5/13/2020,Mexico,1997,353
5/14/2020,Mexico,1862,294
5/15/2020,Mexico,2409,257
5/16/2020,Mexico,2437,290
5/17/2020,Mexico,2112,278
5/18/2020,Mexico,2075,132
5/19/2020,Mexico,2414,155
5/20/2020,Mexico,2713,334
5/21/2020,Mexico,2248,424
5/22/2020,Mexico,2973,420
5/23/2020,Mexico,2960,479
5/24/2020,Mexico,3329,190
5/25/2020,Mexico,2764,215
5/26/2020,Mexico,2485,239
5/27/2020,Mexico,3455,501
5/28/2020,Mexico,3463,463
5/29/2020,Mexico,3377,447
5/30/2020,Mexico,3227,371
5/31/2020,Mexico,2885,364
6/1/2020,Mexico,3152,151
6/2/2020,Mexico,2771,237
6/3/2020,Mexico,3891,470
6/4/2020,Mexico,3912,1091
6/5/2020,Mexico,4442,817
6/6/2020,Mexico,4346,625
6/7/2020,Mexico,3593,341
6/8/2020,Mexico,3484,188
6/9/2020,Mexico,2999,354
6/10/2020,Mexico,4199,596
6/11/2020,Mexico,4883,708
6/12/2020,Mexico,4790,587
6/13/2020,Mexico,5222,504
6/14/2020,Mexico,3494,424
6/15/2020,Mexico,4147,269
6/16/2020,Mexico,3427,439
6/17/2020,Mexico,4599,730
6/18/2020,Mexico,4930,770
6/19/2020,Mexico,5662,667
6/20/2020,Mexico,5030,647
6/21/2020,Mexico,4717,387
6/22/2020,Mexico,5343,1044
6/23/2020,Mexico,4577,759
6/24/2020,Mexico,6288,793
6/25/2020,Mexico,5437,965
6/26/2020,Mexico,6104,718
6/27/2020,Mexico,5441,719
6/28/2020,Mexico,4410,602
6/29/2020,Mexico,4050,267
6/30/2020,Mexico,3805,473
7/1/2020,Mexico,5432,648
7/2/2020,Mexico,5681,741
7/3/2020,Mexico,6741,679
7/4/2020,Mexico,6740,654
7/5/2020,Mexico,6914,523
7/6/2020,Mexico,4683,273
7/7/2020,Mexico,4902,480
7/8/2020,Mexico,6258,895
7/9/2020,Mexico,6995,782
7/10/2020,Mexico,7280,730
7/11/2020,Mexico,6891,665
7/12/2020,Mexico,6094,539
7/13/2020,Mexico,4482,276
7/14/2020,Mexico,4685,443
7/15/2020,Mexico,7051,878
7/16/2020,Mexico,6149,579
7/17/2020,Mexico,6406,668
7/18/2020,Mexico,7257,736
7/19/2020,Mexico,7615,578
7/20/2020,Mexico,5311,296
7/21/2020,Mexico,5172,301
12/31/2019,Peru,0,0
1/1/2020,Peru,0,0
1/2/2020,Peru,0,0
1/3/2020,Peru,0,0
1/4/2020,Peru,0,0
1/5/2020,Peru,0,0
1/6/2020,Peru,0,0
1/7/2020,Peru,0,0
1/8/2020,Peru,0,0
1/9/2020,Peru,0,0
1/10/2020,Peru,0,0
1/11/2020,Peru,0,0
1/12/2020,Peru,0,0
1/13/2020,Peru,0,0
1/14/2020,Peru,0,0
1/15/2020,Peru,0,0
1/16/2020,Peru,0,0
1/17/2020,Peru,0,0
1/18/2020,Peru,0,0
1/19/2020,Peru,0,0
1/20/2020,Peru,0,0
1/21/2020,Peru,0,0
1/22/2020,Peru,0,0
1/23/2020,Peru,0,0
1/24/2020,Peru,0,0
1/25/2020,Peru,0,0
1/26/2020,Peru,0,0
1/27/2020,Peru,0,0
1/28/2020,Peru,0,0
1/29/2020,Peru,0,0
1/30/2020,Peru,0,0
1/31/2020,Peru,0,0
2/1/2020,Peru,0,0
2/2/2020,Peru,0,0
2/3/2020,Peru,0,0
2/4/2020,Peru,0,0
2/5/2020,Peru,0,0
2/6/2020,Peru,0,0
2/7/2020,Peru,0,0
2/8/2020,Peru,0,0
2/9/2020,Peru,0,0
2/10/2020,Peru,0,0
2/11/2020,Peru,0,0
2/12/2020,Peru,0,0
2/13/2020,Peru,0,0
2/14/2020,Peru,0,0
2/15/2020,Peru,0,0
2/16/2020,Peru,0,0
2/17/2020,Peru,0,0
2/18/2020,Peru,0,0
2/19/2020,Peru,0,0
2/20/2020,Peru,0,0
2/21/2020,Peru,0,0
2/22/2020,Peru,0,0
2/23/2020,Peru,0,0
2/24/2020,Peru,0,0
2/25/2020,Peru,0,0
2/26/2020,Peru,0,0
2/27/2020,Peru,0,0
2/28/2020,Peru,0,0
2/29/2020,Peru,0,0
3/1/2020,Peru,0,0
3/2/2020,Peru,0,0
3/3/2020,Peru,0,0
3/4/2020,Peru,0,0
3/5/2020,Peru,0,0
3/6/2020,Peru,0,0
3/7/2020,Peru,1,0
3/8/2020,Peru,0,0
3/9/2020,Peru,6,0
3/10/2020,Peru,2,0
3/11/2020,Peru,2,0
3/12/2020,Peru,6,0
3/13/2020,Peru,5,0
3/14/2020,Peru,16,0
3/15/2020,Peru,5,0
3/16/2020,Peru,28,0
3/17/2020,Peru,15,0
3/18/2020,Peru,31,0
3/19/2020,Peru,28,0
3/20/2020,Peru,89,2
3/21/2020,Peru,29,1
3/22/2020,Peru,55,2
3/23/2020,Peru,45,0
3/24/2020,Peru,32,0
3/25/2020,Peru,21,2
3/26/2020,Peru,142,1
3/27/2020,Peru,22,1
3/28/2020,Peru,55,2
3/29/2020,Peru,36,5
3/30/2020,Peru,181,2
3/31/2020,Peru,98,6
4/1/2020,Peru,115,6
4/2/2020,Peru,258,17
4/3/2020,Peru,91,8
4/4/2020,Peru,181,6
4/5/2020,Peru,151,12
4/6/2020,Peru,535,10
4/7/2020,Peru,280,9
4/8/2020,Peru,393,15
4/9/2020,Peru,1388,14
4/10/2020,Peru,914,17
4/11/2020,Peru,641,31
4/12/2020,Peru,951,12
4/13/2020,Peru,671,12
4/14/2020,Peru,0,0
4/15/2020,Peru,2784,37
4/16/2020,Peru,1172,24
4/17/2020,Peru,1016,20
4/18/2020,Peru,998,26
4/19/2020,Peru,931,48
4/20/2020,Peru,1208,52
4/21/2020,Peru,697,45
4/22/2020,Peru,1512,39
4/23/2020,Peru,1413,46
4/24/2020,Peru,1664,42
4/25/2020,Peru,734,62
4/26/2020,Peru,3683,66
4/27/2020,Peru,2186,28
4/28/2020,Peru,1182,54
4/29/2020,Peru,2491,72
4/30/2020,Peru,2741,89
5/1/2020,Peru,3045,108
5/2/2020,Peru,3483,73
5/3/2020,Peru,2075,76
5/4/2020,Peru,3394,86
5/5/2020,Peru,1444,58
5/6/2020,Peru,3817,100
5/7/2020,Peru,3628,89
5/8/2020,Peru,3709,94
5/9/2020,Peru,3321,87
5/10/2020,Peru,3168,100
5/11/2020,Peru,2292,75
5/12/2020,Peru,1515,72
5/13/2020,Peru,3237,96
5/14/2020,Peru,4247,112
5/15/2020,Peru,4298,98
5/16/2020,Peru,3891,126
5/17/2020,Peru,4046,130
5/18/2020,Peru,3732,125
5/19/2020,Peru,2660,141
5/20/2020,Peru,4550,125
5/21/2020,Peru,4537,110
5/22/2020,Peru,4749,124
5/23/2020,Peru,2929,96
5/24/2020,Peru,4056,129
5/25/2020,Peru,4205,83
5/26/2020,Peru,4020,173
5/27/2020,Peru,5772,159
5/28/2020,Peru,6154,195
5/29/2020,Peru,5874,116
5/30/2020,Peru,6506,131
5/31/2020,Peru,7386,141
6/1/2020,Peru,8805,135
6/2/2020,Peru,5563,128
6/3/2020,Peru,0,0
6/4/2020,Peru,8875,260
6/5/2020,Peru,4284,137
6/6/2020,Peru,4202,131
6/7/2020,Peru,4358,139
6/8/2020,Peru,4757,164
6/9/2020,Peru,3181,106
6/10/2020,Peru,4040,167
6/11/2020,Peru,5087,165
6/12/2020,Peru,5965,206
6/13/2020,Peru,5961,199
6/14/2020,Peru,4383,190
6/15/2020,Peru,4604,190
6/16/2020,Peru,3256,172
6/17/2020,Peru,4164,196
6/18/2020,Peru,3752,201
6/19/2020,Peru,3480,204
6/20/2020,Peru,3537,199
6/21/2020,Peru,3413,201
6/22/2020,Peru,3598,184
6/23/2020,Peru,0,0
6/24/2020,Peru,5874,359
6/25/2020,Peru,3879,182
6/26/2020,Peru,3913,175
6/27/2020,Peru,3762,178
6/28/2020,Peru,3625,196
6/29/2020,Peru,3430,182
6/30/2020,Peru,2946,187
7/1/2020,Peru,2848,173
7/2/2020,Peru,3264,183
7/3/2020,Peru,3527,185
7/4/2020,Peru,3595,181
7/5/2020,Peru,3481,186
7/6/2020,Peru,3638,177
7/7/2020,Peru,2985,183
7/8/2020,Peru,3575,180
7/9/2020,Peru,3633,181
7/10/2020,Peru,3537,181
7/11/2020,Peru,3198,186
7/12/2020,Peru,3064,182
7/13/2020,Peru,3616,188
7/14/2020,Peru,3797,184
7/15/2020,Peru,3744,175
7/16/2020,Peru,3857,188
7/17/2020,Peru,3862,198
7/18/2020,Peru,3951,184
7/19/2020,Peru,3963,199
7/20/2020,Peru,4090,189
7/21/2020,Peru,4091,197
12/31/2019,Russia,0,0
1/1/2020,Russia,0,0
1/2/2020,Russia,0,0
1/3/2020,Russia,0,0
1/4/2020,Russia,0,0
1/5/2020,Russia,0,0
1/6/2020,Russia,0,0
1/7/2020,Russia,0,0
1/8/2020,Russia,0,0
1/9/2020,Russia,0,0
1/10/2020,Russia,0,0
1/11/2020,Russia,0,0
1/12/2020,Russia,0,0
1/13/2020,Russia,0,0
1/14/2020,Russia,0,0
1/15/2020,Russia,0,0
1/16/2020,Russia,0,0
1/17/2020,Russia,0,0
1/18/2020,Russia,0,0
1/19/2020,Russia,0,0
1/20/2020,Russia,0,0
1/21/2020,Russia,0,0
1/22/2020,Russia,0,0
1/23/2020,Russia,0,0
1/24/2020,Russia,0,0
1/25/2020,Russia,0,0
1/26/2020,Russia,0,0
1/27/2020,Russia,0,0
1/28/2020,Russia,0,0
1/29/2020,Russia,0,0
1/30/2020,Russia,0,0
1/31/2020,Russia,0,0
2/1/2020,Russia,2,0
2/2/2020,Russia,0,0
2/3/2020,Russia,0,0
2/4/2020,Russia,0,0
2/5/2020,Russia,0,0
2/6/2020,Russia,0,0
2/7/2020,Russia,0,0
2/8/2020,Russia,0,0
2/9/2020,Russia,0,0
2/10/2020,Russia,0,0
2/11/2020,Russia,0,0
2/12/2020,Russia,0,0
2/13/2020,Russia,0,0
2/14/2020,Russia,0,0
2/15/2020,Russia,0,0
2/16/2020,Russia,0,0
2/17/2020,Russia,0,0
2/18/2020,Russia,0,0
2/19/2020,Russia,0,0
2/20/2020,Russia,0,0
2/21/2020,Russia,0,0
2/22/2020,Russia,0,0
2/23/2020,Russia,0,0
2/24/2020,Russia,0,0
2/25/2020,Russia,0,0
2/26/2020,Russia,0,0
2/27/2020,Russia,0,0
2/28/2020,Russia,0,0
2/29/2020,Russia,0,0
3/1/2020,Russia,0,0
3/2/2020,Russia,0,0
3/3/2020,Russia,1,0
3/4/2020,Russia,1,0
3/5/2020,Russia,0,0
3/6/2020,Russia,0,0
3/7/2020,Russia,6,0
3/8/2020,Russia,0,0
3/9/2020,Russia,0,0
3/10/2020,Russia,0,0
3/11/2020,Russia,0,0
3/12/2020,Russia,15,0
3/13/2020,Russia,5,0
3/14/2020,Russia,15,0
3/15/2020,Russia,14,0
3/16/2020,Russia,4,0
3/17/2020,Russia,30,0
3/18/2020,Russia,21,0
3/19/2020,Russia,33,0
3/20/2020,Russia,52,0
3/21/2020,Russia,54,0
3/22/2020,Russia,53,0
3/23/2020,Russia,132,0
3/24/2020,Russia,0,0
3/25/2020,Russia,57,0
3/26/2020,Russia,163,0
3/27/2020,Russia,182,2
3/28/2020,Russia,196,2
3/29/2020,Russia,228,1
3/30/2020,Russia,270,3
3/31/2020,Russia,302,2
4/1/2020,Russia,501,7
4/2/2020,Russia,440,7
4/3/2020,Russia,771,6
4/4/2020,Russia,601,4
4/5/2020,Russia,582,9
4/6/2020,Russia,658,2
4/7/2020,Russia,954,2
4/8/2020,Russia,1154,11
4/9/2020,Russia,1175,5
4/10/2020,Russia,1459,13
4/11/2020,Russia,1786,18
4/12/2020,Russia,1667,12
4/13/2020,Russia,2186,24
4/14/2020,Russia,2558,18
4/15/2020,Russia,2774,22
4/16/2020,Russia,3388,28
4/17/2020,Russia,3448,34
4/18/2020,Russia,4070,41
4/19/2020,Russia,4785,40
4/20/2020,Russia,6060,48
4/21/2020,Russia,4268,44
4/22/2020,Russia,5642,51
4/23/2020,Russia,5236,57
4/24/2020,Russia,4774,42
4/25/2020,Russia,5849,60
4/26/2020,Russia,5966,66
4/27/2020,Russia,6361,66
4/28/2020,Russia,6198,48
4/29/2020,Russia,6411,72
4/30/2020,Russia,5841,105
5/1/2020,Russia,7099,101
5/2/2020,Russia,7933,96
5/3/2020,Russia,9623,53
5/4/2020,Russia,10633,58
5/5/2020,Russia,10581,76
5/6/2020,Russia,10102,95
5/7/2020,Russia,10559,86
5/8/2020,Russia,11231,88
5/9/2020,Russia,10699,98
5/10/2020,Russia,10817,104
5/11/2020,Russia,11012,88
5/12/2020,Russia,11656,94
5/13/2020,Russia,10899,107
5/14/2020,Russia,10028,96
5/15/2020,Russia,9974,93
5/16/2020,Russia,10598,113
5/17/2020,Russia,9200,119
5/18/2020,Russia,9709,94
5/19/2020,Russia,8926,91
5/20/2020,Russia,9263,115
5/21/2020,Russia,8764,135
5/22/2020,Russia,8849,127
5/23/2020,Russia,8894,150
5/24/2020,Russia,9434,139
5/25/2020,Russia,8599,153
5/26/2020,Russia,8946,92
5/27/2020,Russia,8915,174
5/28/2020,Russia,8338,161
5/29/2020,Russia,8371,174
5/30/2020,Russia,8572,232
5/31/2020,Russia,8952,181
6/1/2020,Russia,9268,138
6/2/2020,Russia,9035,162
6/3/2020,Russia,8863,182
6/4/2020,Russia,8536,178
6/5/2020,Russia,8831,169
6/6/2020,Russia,8726,144
6/7/2020,Russia,8855,197
6/8/2020,Russia,8984,134
6/9/2020,Russia,8985,112
6/10/2020,Russia,8595,170
6/11/2020,Russia,8404,217
6/12/2020,Russia,8779,174
6/13/2020,Russia,8987,183
6/14/2020,Russia,8706,114
6/15/2020,Russia,8835,119
6/16/2020,Russia,8246,143
6/17/2020,Russia,8248,193
6/18/2020,Russia,7843,194
6/19/2020,Russia,7790,312
6/20/2020,Russia,7972,182
6/21/2020,Russia,7889,30
6/22/2020,Russia,7728,109
6/23/2020,Russia,7600,95
6/24/2020,Russia,7425,153
6/25/2020,Russia,7176,154
6/26/2020,Russia,7113,92
6/27/2020,Russia,6800,176
6/28/2020,Russia,6852,188
6/29/2020,Russia,6791,104
6/30/2020,Russia,6719,93
7/1/2020,Russia,6693,154
7/2/2020,Russia,6556,216
7/3/2020,Russia,6760,147
7/4/2020,Russia,6718,176
7/5/2020,Russia,6632,168
7/6/2020,Russia,6736,134
7/7/2020,Russia,6611,135
7/8/2020,Russia,6368,198
7/9/2020,Russia,6562,173
7/10/2020,Russia,6509,176
7/11/2020,Russia,6635,174
7/12/2020,Russia,6611,188
7/13/2020,Russia,6615,130
7/14/2020,Russia,6537,104
7/15/2020,Russia,6248,175
7/16/2020,Russia,6422,156
7/17/2020,Russia,6428,167
7/18/2020,Russia,12640,310
7/19/2020,Russia,6109,95
7/20/2020,Russia,0,0
7/21/2020,Russia,5940,85
12/31/2019,South Africa,0,0
1/1/2020,South Africa,0,0
1/2/2020,South Africa,0,0
1/3/2020,South Africa,0,0
1/4/2020,South Africa,0,0
1/5/2020,South Africa,0,0
1/6/2020,South Africa,0,0
1/7/2020,South Africa,0,0
1/8/2020,South Africa,0,0
1/9/2020,South Africa,0,0
1/10/2020,South Africa,0,0
1/11/2020,South Africa,0,0
1/12/2020,South Africa,0,0
1/13/2020,South Africa,0,0
1/14/2020,South Africa,0,0
1/15/2020,South Africa,0,0
1/16/2020,South Africa,0,0
1/17/2020,South Africa,0,0
1/18/2020,South Africa,0,0
1/19/2020,South Africa,0,0
1/20/2020,South Africa,0,0
1/21/2020,South Africa,0,0
1/22/2020,South Africa,0,0
1/23/2020,South Africa,0,0
1/24/2020,South Africa,0,0
1/25/2020,South Africa,0,0
1/26/2020,South Africa,0,0
1/27/2020,South Africa,0,0
1/28/2020,South Africa,0,0
1/29/2020,South Africa,0,0
1/30/2020,South Africa,0,0
1/31/2020,South Africa,0,0
2/1/2020,South Africa,0,0
2/2/2020,South Africa,0,0
2/3/2020,South Africa,0,0
2/4/2020,South Africa,0,0
2/5/2020,South Africa,0,0
2/6/2020,South Africa,0,0
2/7/2020,South Africa,0,0
2/8/2020,South Africa,0,0
2/9/2020,South Africa,0,0
2/10/2020,South Africa,0,0
2/11/2020,South Africa,0,0
2/12/2020,South Africa,0,0
2/13/2020,South Africa,0,0
2/14/2020,South Africa,0,0
2/15/2020,South Africa,0,0
2/16/2020,South Africa,0,0
2/17/2020,South Africa,0,0
2/18/2020,South Africa,0,0
2/19/2020,South Africa,0,0
2/20/2020,South Africa,0,0
2/21/2020,South Africa,0,0
2/22/2020,South Africa,0,0
2/23/2020,South Africa,0,0
2/24/2020,South Africa,0,0
2/25/2020,South Africa,0,0
2/26/2020,South Africa,0,0
2/27/2020,South Africa,0,0
2/28/2020,South Africa,0,0
2/29/2020,South Africa,0,0
3/1/2020,South Africa,0,0
3/2/2020,South Africa,0,0
3/3/2020,South Africa,0,0
3/4/2020,South Africa,0,0
3/5/2020,South Africa,0,0
3/6/2020,South Africa,1,0
3/7/2020,South Africa,0,0
3/8/2020,South Africa,1,0
3/9/2020,South Africa,1,0
3/10/2020,South Africa,4,0
3/11/2020,South Africa,0,0
3/12/2020,South Africa,6,0
3/13/2020,South Africa,4,0
3/14/2020,South Africa,7,0
3/15/2020,South Africa,0,0
3/16/2020,South Africa,27,0
3/17/2020,South Africa,11,0
3/18/2020,South Africa,23,0
3/19/2020,South Africa,31,0
3/20/2020,South Africa,34,0
3/21/2020,South Africa,55,0
3/22/2020,South Africa,35,0
3/23/2020,South Africa,34,0
3/24/2020,South Africa,128,0
3/25/2020,South Africa,155,0
3/26/2020,South Africa,152,0
3/27/2020,South Africa,218,2
3/28/2020,South Africa,243,0
3/29/2020,South Africa,17,0
3/30/2020,South Africa,93,0
3/31/2020,South Africa,46,1
4/1/2020,South Africa,27,2
4/2/2020,South Africa,27,0
4/3/2020,South Africa,82,0
4/4/2020,South Africa,43,2
4/5/2020,South Africa,80,2
4/6/2020,South Africa,70,2
4/7/2020,South Africa,31,1
4/8/2020,South Africa,63,1
4/9/2020,South Africa,96,5
4/10/2020,South Africa,89,0
4/11/2020,South Africa,69,6
4/12/2020,South Africa,25,1
4/13/2020,South Africa,145,0
4/14/2020,South Africa,99,2
4/15/2020,South Africa,143,0
4/16/2020,South Africa,91,7
4/17/2020,South Africa,99,14
4/18/2020,South Africa,178,2
4/19/2020,South Africa,251,2
4/20/2020,South Africa,124,2
4/21/2020,South Africa,142,4
4/22/2020,South Africa,165,0
4/23/2020,South Africa,170,7
4/24/2020,South Africa,318,10
4/25/2020,South Africa,267,4
4/26/2020,South Africa,141,7
4/27/2020,South Africa,185,1
4/28/2020,South Africa,247,3
4/29/2020,South Africa,203,3
4/30/2020,South Africa,354,10
5/1/2020,South Africa,297,0
5/2/2020,South Africa,304,13
5/3/2020,South Africa,385,7
5/4/2020,South Africa,447,8
5/5/2020,South Africa,437,7
5/6/2020,South Africa,352,10
5/7/2020,South Africa,236,5
5/8/2020,South Africa,424,8
5/9/2020,South Africa,663,17
5/10/2020,South Africa,525,8
5/11/2020,South Africa,595,8
5/12/2020,South Africa,637,12
5/13/2020,South Africa,698,0
5/14/2020,South Africa,724,13
5/15/2020,South Africa,665,19
5/16/2020,South Africa,785,9
5/17/2020,South Africa,831,14
5/18/2020,South Africa,1160,3
5/19/2020,South Africa,918,22
5/20/2020,South Africa,767,26
5/21/2020,South Africa,803,27
5/22/2020,South Africa,1134,30
5/23/2020,South Africa,988,28
5/24/2020,South Africa,1218,10
5/25/2020,South Africa,1240,22
5/26/2020,South Africa,1032,52
5/27/2020,South Africa,649,43
5/28/2020,South Africa,1673,28
5/29/2020,South Africa,1466,25
5/30/2020,South Africa,1837,34
5/31/2020,South Africa,1727,32
6/1/2020,South Africa,1716,40
6/2/2020,South Africa,1674,22
6/3/2020,South Africa,1455,50
6/4/2020,South Africa,1713,37
6/5/2020,South Africa,3267,56
6/6/2020,South Africa,2642,60
6/7/2020,South Africa,2539,44
6/8/2020,South Africa,2312,46
6/9/2020,South Africa,2594,82
6/10/2020,South Africa,2112,82
6/11/2020,South Africa,2430,48
6/12/2020,South Africa,3147,79
6/13/2020,South Africa,3359,65
6/14/2020,South Africa,3809,69
6/15/2020,South Africa,4302,57
6/16/2020,South Africa,3495,88
6/17/2020,South Africa,2801,57
6/18/2020,South Africa,4078,49
6/19/2020,South Africa,3478,63
6/20/2020,South Africa,3825,94
6/21/2020,South Africa,4966,46
6/22/2020,South Africa,4621,53
6/23/2020,South Africa,4288,61
6/24/2020,South Africa,4518,111
6/25/2020,South Africa,5688,103
6/26/2020,South Africa,6579,87
6/27/2020,South Africa,6215,48
6/28/2020,South Africa,7210,73
6/29/2020,South Africa,6334,43
6/30/2020,South Africa,6130,73
7/1/2020,South Africa,6945,128
7/2/2020,South Africa,8124,92
7/3/2020,South Africa,8728,95
7/4/2020,South Africa,9063,108
7/5/2020,South Africa,10853,74
7/6/2020,South Africa,8773,173
7/7/2020,South Africa,8971,111
7/8/2020,South Africa,10134,192
7/9/2020,South Africa,8810,100
7/10/2020,South Africa,13674,118
7/11/2020,South Africa,12348,140
7/12/2020,South Africa,13497,111
7/13/2020,South Africa,12058,108
7/14/2020,South Africa,11554,93
7/15/2020,South Africa,10496,174
7/16/2020,South Africa,12757,107
7/17/2020,South Africa,13172,216
7/18/2020,South Africa,13373,135
7/19/2020,South Africa,13285,144
7/20/2020,South Africa,13449,85
7/21/2020,South Africa,9300,140
12/31/2019,United Kingdom,0,0
1/1/2020,United Kingdom,0,0
1/2/2020,United Kingdom,0,0
1/3/2020,United Kingdom,0,0
1/4/2020,United Kingdom,0,0
1/5/2020,United Kingdom,0,0
1/6/2020,United Kingdom,0,0
1/7/2020,United Kingdom,0,0
1/8/2020,United Kingdom,0,0
1/9/2020,United Kingdom,0,0
1/10/2020,United Kingdom,0,0
1/11/2020,United Kingdom,0,0
1/12/2020,United Kingdom,0,0
1/13/2020,United Kingdom,0,0
1/14/2020,United Kingdom,0,0
1/15/2020,United Kingdom,0,0
1/16/2020,United Kingdom,0,0
1/17/2020,United Kingdom,0,0
1/18/2020,United Kingdom,0,0
1/19/2020,United Kingdom,0,0
1/20/2020,United Kingdom,0,0
1/21/2020,United Kingdom,0,0
1/22/2020,United Kingdom,0,0
1/23/2020,United Kingdom,0,0
1/24/2020,United Kingdom,0,0
1/25/2020,United Kingdom,0,0
1/26/2020,United Kingdom,0,0
1/27/2020,United Kingdom,0,0
1/28/2020,United Kingdom,0,0
1/29/2020,United Kingdom,0,0
1/30/2020,United Kingdom,0,0
1/31/2020,United Kingdom,2,0
2/1/2020,United Kingdom,0,0
2/2/2020,United Kingdom,0,0
2/3/2020,United Kingdom,0,0
2/4/2020,United Kingdom,0,0
2/5/2020,United Kingdom,0,0
2/6/2020,United Kingdom,0,0
2/7/2020,United Kingdom,1,0
2/8/2020,United Kingdom,0,0
2/9/2020,United Kingdom,1,0
2/10/2020,United Kingdom,0,0
2/11/2020,United Kingdom,4,0
2/12/2020,United Kingdom,0,0
2/13/2020,United Kingdom,1,0
2/14/2020,United Kingdom,0,0
2/15/2020,United Kingdom,0,0
2/16/2020,United Kingdom,0,0
2/17/2020,United Kingdom,0,0
2/18/2020,United Kingdom,0,0
2/19/2020,United Kingdom,0,0
2/20/2020,United Kingdom,0,0
2/21/2020,United Kingdom,0,0
2/22/2020,United Kingdom,0,0
2/23/2020,United Kingdom,0,0
2/24/2020,United Kingdom,4,0
2/25/2020,United Kingdom,0,0
2/26/2020,United Kingdom,0,0
2/27/2020,United Kingdom,0,0
2/28/2020,United Kingdom,3,0
2/29/2020,United Kingdom,2,0
3/1/2020,United Kingdom,5,0
3/2/2020,United Kingdom,13,0
3/3/2020,United Kingdom,4,0
3/4/2020,United Kingdom,11,0
3/5/2020,United Kingdom,34,0
3/6/2020,United Kingdom,30,0
3/7/2020,United Kingdom,48,1
3/8/2020,United Kingdom,43,1
3/9/2020,United Kingdom,67,0
3/10/2020,United Kingdom,48,1
3/11/2020,United Kingdom,52,4
3/12/2020,United Kingdom,83,0
3/13/2020,United Kingdom,134,2
3/14/2020,United Kingdom,117,1
3/15/2020,United Kingdom,433,18
3/16/2020,United Kingdom,251,15
3/17/2020,United Kingdom,152,22
3/18/2020,United Kingdom,407,16
3/19/2020,United Kingdom,680,34
3/20/2020,United Kingdom,647,43
3/21/2020,United Kingdom,706,36
3/22/2020,United Kingdom,1035,56
3/23/2020,United Kingdom,665,35
3/24/2020,United Kingdom,967,74
3/25/2020,United Kingdom,1427,149
3/26/2020,United Kingdom,1452,186
3/27/2020,United Kingdom,2129,183
3/28/2020,United Kingdom,2885,284
3/29/2020,United Kingdom,2546,294
3/30/2020,United Kingdom,2433,214
3/31/2020,United Kingdom,2619,374
4/1/2020,United Kingdom,3009,382
4/2/2020,United Kingdom,4324,670
4/3/2020,United Kingdom,4244,652
4/4/2020,United Kingdom,4450,714
4/5/2020,United Kingdom,3735,760
4/6/2020,United Kingdom,5903,644
4/7/2020,United Kingdom,3802,568
4/8/2020,United Kingdom,3634,1038
4/9/2020,United Kingdom,5491,1034
4/10/2020,United Kingdom,4344,1103
4/11/2020,United Kingdom,5195,1152
4/12/2020,United Kingdom,8719,839
4/13/2020,United Kingdom,5288,686
4/14/2020,United Kingdom,4342,744
4/15/2020,United Kingdom,5252,1044
4/16/2020,United Kingdom,4603,842
4/17/2020,United Kingdom,4617,1029
4/18/2020,United Kingdom,5599,935
4/19/2020,United Kingdom,5525,1115
4/20/2020,United Kingdom,5850,498
4/21/2020,United Kingdom,4676,559
4/22/2020,United Kingdom,4301,1172
4/23/2020,United Kingdom,4451,837
4/24/2020,United Kingdom,4583,727
4/25/2020,United Kingdom,5386,1005
4/26/2020,United Kingdom,4913,843
4/27/2020,United Kingdom,4463,420
4/28/2020,United Kingdom,4309,338
4/29/2020,United Kingdom,3996,909
4/30/2020,United Kingdom,4076,795
5/1/2020,United Kingdom,6032,674
5/2/2020,United Kingdom,6201,739
5/3/2020,United Kingdom,4806,621
5/4/2020,United Kingdom,4339,315
5/5/2020,United Kingdom,3985,288
5/6/2020,United Kingdom,4406,693
5/7/2020,United Kingdom,6211,649
5/8/2020,United Kingdom,5514,539
5/9/2020,United Kingdom,4649,626
5/10/2020,United Kingdom,3896,346
5/11/2020,United Kingdom,3923,268
5/12/2020,United Kingdom,3877,210
5/13/2020,United Kingdom,3403,627
5/14/2020,United Kingdom,3242,494
5/15/2020,United Kingdom,3446,428
5/16/2020,United Kingdom,3560,384
5/17/2020,United Kingdom,3450,468
5/18/2020,United Kingdom,3534,170
5/19/2020,United Kingdom,2711,160
5/20/2020,United Kingdom,2412,545
5/21/2020,United Kingdom,-525,363
5/22/2020,United Kingdom,2615,338
5/23/2020,United Kingdom,3287,351
5/24/2020,United Kingdom,2959,282
5/25/2020,United Kingdom,2405,118
5/26/2020,United Kingdom,1625,121
5/27/2020,United Kingdom,4043,134
5/28/2020,United Kingdom,2013,412
5/29/2020,United Kingdom,1887,377
5/30/2020,United Kingdom,2095,324
5/31/2020,United Kingdom,1604,215
6/1/2020,United Kingdom,1936,113
6/2/2020,United Kingdom,1570,556
6/3/2020,United Kingdom,1653,324
6/4/2020,United Kingdom,1871,359
6/5/2020,United Kingdom,1805,176
6/6/2020,United Kingdom,1650,357
6/7/2020,United Kingdom,1557,204
6/8/2020,United Kingdom,1326,77
6/9/2020,United Kingdom,1205,55
6/10/2020,United Kingdom,1741,286
6/11/2020,United Kingdom,1003,245
6/12/2020,United Kingdom,1266,151
6/13/2020,United Kingdom,1541,202
6/14/2020,United Kingdom,1425,181
6/15/2020,United Kingdom,1514,36
6/16/2020,United Kingdom,968,38
6/17/2020,United Kingdom,1279,233
6/18/2020,United Kingdom,1115,184
6/19/2020,United Kingdom,1218,135
6/20/2020,United Kingdom,1346,173
6/21/2020,United Kingdom,1295,128
6/22/2020,United Kingdom,1221,43
6/23/2020,United Kingdom,958,15
6/24/2020,United Kingdom,921,280
6/25/2020,United Kingdom,652,154
6/26/2020,United Kingdom,1118,149
6/27/2020,United Kingdom,1380,184
6/28/2020,United Kingdom,890,100
6/29/2020,United Kingdom,901,36
6/30/2020,United Kingdom,814,25
7/1/2020,United Kingdom,689,155
7/2/2020,United Kingdom,829,176
7/3/2020,United Kingdom,-29726,89
7/4/2020,United Kingdom,519,136
7/5/2020,United Kingdom,624,67
7/6/2020,United Kingdom,516,22
7/7/2020,United Kingdom,352,16
7/8/2020,United Kingdom,581,155
7/9/2020,United Kingdom,630,126
7/10/2020,United Kingdom,642,85
7/11/2020,United Kingdom,512,48
7/12/2020,United Kingdom,820,148
7/13/2020,United Kingdom,650,21
7/14/2020,United Kingdom,530,11
7/15/2020,United Kingdom,1240,138
7/16/2020,United Kingdom,538,85
7/17/2020,United Kingdom,641,66
7/18/2020,United Kingdom,687,114
7/19/2020,United Kingdom,827,40
7/20/2020,United Kingdom,726,27
7/21/2020,United Kingdom,580,12
12/31/2019,United States,0,0
1/1/2020,United States,0,0
1/2/2020,United States,0,0
1/3/2020,United States,0,0
1/4/2020,United States,0,0
1/5/2020,United States,0,0
1/6/2020,United States,0,0
1/7/2020,United States,0,0
1/8/2020,United States,0,0
1/9/2020,United States,0,0
1/10/2020,United States,0,0
1/11/2020,United States,0,0
1/12/2020,United States,0,0
1/13/2020,United States,0,0
1/14/2020,United States,0,0
1/15/2020,United States,0,0
1/16/2020,United States,0,0
1/17/2020,United States,0,0
1/18/2020,United States,0,0
1/19/2020,United States,0,0
1/20/2020,United States,0,0
1/21/2020,United States,1,0
1/22/2020,United States,0,0
1/23/2020,United States,0,0
1/24/2020,United States,1,0
1/25/2020,United States,1,0
1/26/2020,United States,2,0
1/27/2020,United States,0,0
1/28/2020,United States,0,0
1/29/2020,United States,0,0
1/30/2020,United States,1,0
1/31/2020,United States,1,0
2/1/2020,United States,1,0
2/2/2020,United States,3,0
2/3/2020,United States,0,0
2/4/2020,United States,0,0
2/5/2020,United States,1,0
2/6/2020,United States,0,0
2/7/2020,United States,0,0
2/8/2020,United States,0,0
2/9/2020,United States,0,0
2/10/2020,United States,1,0
2/11/2020,United States,0,0
2/12/2020,United States,1,0
2/13/2020,United States,1,0
2/14/2020,United States,0,0
2/15/2020,United States,0,0
2/16/2020,United States,0,0
2/17/2020,United States,10,0
2/18/2020,United States,0,0
2/19/2020,United States,0,0
2/20/2020,United States,2,0
2/21/2020,United States,3,0
2/22/2020,United States,0,0
2/23/2020,United States,0,0
2/24/2020,United States,13,0
2/25/2020,United States,2,0
2/26/2020,United States,15,0
2/27/2020,United States,0,0
2/28/2020,United States,5,0
2/29/2020,United States,5,1
3/1/2020,United States,18,2
3/2/2020,United States,16,3
3/3/2020,United States,21,4
3/4/2020,United States,36,2
3/5/2020,United States,67,0
3/6/2020,United States,83,3
3/7/2020,United States,117,4
3/8/2020,United States,119,3
3/9/2020,United States,201,4
3/10/2020,United States,270,5
3/11/2020,United States,245,6
3/12/2020,United States,405,6
3/13/2020,United States,556,7
3/14/2020,United States,674,10
3/15/2020,United States,702,8
3/16/2020,United States,907,23
3/17/2020,United States,1399,26
3/18/2020,United States,2444,45
3/19/2020,United States,4043,50
3/20/2020,United States,5619,65
3/21/2020,United States,6516,83
3/22/2020,United States,8545,98
3/23/2020,United States,10432,121
3/24/2020,United States,10439,206
3/25/2020,United States,14629,269
3/26/2020,United States,17068,299
3/27/2020,United States,17320,412
3/28/2020,United States,21008,527
3/29/2020,United States,18580,415
3/30/2020,United States,21409,647
3/31/2020,United States,24523,935
4/1/2020,United States,26926,1036
4/2/2020,United States,29701,1216
4/3/2020,United States,32318,1391
4/4/2020,United States,35101,1557
4/5/2020,United States,25614,1368
4/6/2020,United States,33006,2253
4/7/2020,United States,28247,1506
4/8/2020,United States,31819,2085
4/9/2020,United States,34697,2120
4/10/2020,United States,33474,2263
4/11/2020,United States,31722,2084
4/12/2020,United States,27143,1681
4/13/2020,United States,25770,1764
4/14/2020,United States,26690,2705
4/15/2020,United States,30112,2753
4/16/2020,United States,31540,2347
4/17/2020,United States,31504,2289
4/18/2020,United States,28397,1952
4/19/2020,United States,25335,1520
4/20/2020,United States,27329,1837
4/21/2020,United States,25508,2672
4/22/2020,United States,29548,2396
4/23/2020,United States,33071,2151
4/24/2020,United States,36724,2125
4/25/2020,United States,34407,1966
4/26/2020,United States,26735,1254
4/27/2020,United States,23194,1442
4/28/2020,United States,24628,2394
4/29/2020,United States,26557,2514
4/30/2020,United States,30339,2210
5/1/2020,United States,33964,1762
5/2/2020,United States,29474,1583
5/3/2020,United States,28089,1375
5/4/2020,United States,20012,1045
5/5/2020,United States,23703,2234
5/6/2020,United States,26528,2994
5/7/2020,United States,26435,1672
5/8/2020,United States,27671,1575
5/9/2020,United States,24839,1346
5/10/2020,United States,20317,928
5/11/2020,United States,17629,980
5/12/2020,United States,22290,1652
5/13/2020,United States,21192,1767
5/14/2020,United States,27030,1736
5/15/2020,United States,26104,1588
5/16/2020,United States,23656,1225
5/17/2020,United States,19014,843
5/18/2020,United States,21819,839
5/19/2020,United States,20968,1520
5/20/2020,United States,23069,1482
5/21/2020,United States,25857,1310
5/22/2020,United States,23666,1288
5/23/2020,United States,22299,1049
5/24/2020,United States,20031,620
5/25/2020,United States,19069,508
5/26/2020,United States,18888,747
5/27/2020,United States,18739,1485
5/28/2020,United States,22469,1198
5/29/2020,United States,24545,1189
5/30/2020,United States,23398,962
5/31/2020,United States,20634,601
6/1/2020,United States,21894,734
6/2/2020,United States,20785,1080
6/3/2020,United States,19981,987
6/4/2020,United States,21722,1008
6/5/2020,United States,28585,1111
6/6/2020,United States,22520,727
6/7/2020,United States,18616,390
6/8/2020,United States,18199,722
6/9/2020,United States,18800,1030
6/10/2020,United States,23159,929
6/11/2020,United States,23200,875
6/12/2020,United States,25496,776
6/13/2020,United States,25335,693
6/14/2020,United States,19129,316
6/15/2020,United States,20115,448
6/16/2020,United States,24881,769
6/17/2020,United States,25653,753
6/18/2020,United States,28051,726
6/19/2020,United States,30840,708
6/20/2020,United States,32024,545
6/21/2020,United States,26394,255
6/22/2020,United States,30440,360
6/23/2020,United States,35046,833
6/24/2020,United States,37014,767
6/25/2020,United States,41156,2464
6/26/2020,United States,45491,633
6/27/2020,United States,42360,510
6/28/2020,United States,39516,270
6/29/2020,United States,39471,346
6/30/2020,United States,48372,1300
7/1/2020,United States,49933,642
7/2/2020,United States,55595,723
7/3/2020,United States,57198,589
7/4/2020,United States,50009,262
7/5/2020,United States,44767,262
7/6/2020,United States,47300,391
7/7/2020,United States,54128,955
7/8/2020,United States,59453,946
7/9/2020,United States,61036,857
7/10/2020,United States,67091,813
7/11/2020,United States,60776,667
7/12/2020,United States,57781,395
7/13/2020,United States,61512,425
7/14/2020,United States,65624,952
7/15/2020,United States,68367,969
7/16/2020,United States,75643,956
7/17/2020,United States,70831,897
7/18/2020,United States,62398,774
7/19/2020,United States,62198,412
7/20/2020,United States,59966,529
